Ticker,Name,"ISIN
"
FOX UW Equity,Fox Corp,US35137L2043
AMCR UN Equity,Amcor PLC,JE00BJ1F3079
NOW UN Equity,ServiceNow Inc,US81762P1021
JPM UN Equity,JPMorgan Chase & Co,US46625H1005
KO UN Equity,Coca-Cola Co/The,US1912161007
ABBV UN Equity,AbbVie Inc,US00287Y1091
CPAY UN Equity,Corpay Inc,US2199481068
EXR UN Equity,Extra Space Storage Inc,US30225T1025
JNJ UN Equity,Johnson & Johnson,US4781601046
MCD UN Equity,McDonald's Corp,US5801351017
MRK UN Equity,Merck & Co Inc,US58933Y1055
AWK UN Equity,American Water Works Co Inc,US0304201033
BAC UN Equity,Bank of America Corp,US0605051046
PFE UN Equity,Pfizer Inc,US7170811035
KMI UN Equity,Kinder Morgan Inc,US49456B1017
AIG UN Equity,American International Group Inc,US0268747849
HCA UN Equity,HCA Healthcare Inc,US40412C1018
IP UN Equity,International Paper Co,US4601461035
ADM UN Equity,Archer-Daniels-Midland Co,US0394831020
LIN UW Equity,Linde PLC,IE000S9YS762
AVY UN Equity,Avery Dennison Corp,US0536111091
MSCI UN Equity,MSCI Inc,US55354G1004
BALL UN Equity,Ball Corp,US0584981064
AXON UW Equity,Axon Enterprise Inc,US05464C1018
BRK/B UN Equity,Berkshire Hathaway Inc,US0846707026
BMY UN Equity,Bristol-Myers Squibb Co,US1101221083
CTRA UN Equity,Coterra Energy Inc,US1270971039
CCL UN Equity,Carnival Corp,PA1436583006
UDR UN Equity,UDR Inc,US9026531049
CL UN Equity,Colgate-Palmolive Co,US1941621039
EPAM UN Equity,EPAM Systems Inc,US29414B1044
ED UN Equity,Consolidated Edison Inc,US2091151041
GLW UN Equity,Corning Inc,US2193501051
CZR UW Equity,Caesars Entertainment Inc,US12769G1004
DHR UN Equity,Danaher Corp,US2358511028
D UN Equity,Dominion Energy Inc,US25746U1097
LNT UW Equity,Alliant Energy Corp,US0188021085
STLD UW Equity,Steel Dynamics Inc,US8581191009
REG UW Equity,Regency Centers Corp,US7588491032
ETN UN Equity,Eaton Corp PLC,IE00B8KQN827
ECL UN Equity,Ecolab Inc,US2788651006
RVTY UN Equity,Revvity Inc,US7140461093
EOG UN Equity,EOG Resources Inc,US26875P1012
AON UN Equity,Aon PLC,IE00BLP1HW54
ETR UN Equity,Entergy Corp,US29364G1031
EQT UN Equity,EQT Corp,US26884L1098
IT UN Equity,Gartner Inc,US3666511072
FMC UN Equity,FMC Corp,US3024913036
NEE UN Equity,NextEra Energy Inc,US65339F1012
GRMN UN Equity,Garmin Ltd,CH0114405324
FCX UN Equity,Freeport-McMoRan Inc,US35671D8570
GPC UN Equity,Genuine Parts Co,US3724601055
GWW UN Equity,WW Grainger Inc,US3848021040
LHX UN Equity,L3Harris Technologies Inc,US5024311095
PODD UW Equity,Insulet Corp,US45784P1012
HSY UN Equity,Hershey Co/The,US4278661081
CNP UN Equity,CenterPoint Energy Inc,US15189T1079
CDW UW Equity,CDW Corp/DE,US12514G1085
IPG UN Equity,Interpublic Group of Cos Inc/The,US4606901001
IFF UN Equity,International Flavors & Fragrances Inc,US4595061015
GNRC UN Equity,Generac Holdings Inc,US3687361044
NXPI UW Equity,NXP Semiconductors NV,NL0009538784
K UN Equity,Kellanova,US4878361082
LLY UN Equity,Eli Lilly & Co,US5324571083
IEX UN Equity,IDEX Corp,US45167R1041
VTRS UW Equity,Viatris Inc,US92556V1061
MSI UN Equity,Motorola Solutions Inc,US6200763075
CBOE UF Equity,Cboe Global Markets Inc,US12503M1080
NEM UN Equity,Newmont Corp,US6516391066
PFG UW Equity,Principal Financial Group Inc,US74251V1026
ES UN Equity,Eversource Energy,US30040W1080
NUE UN Equity,Nucor Corp,US6703461052
OKE UN Equity,ONEOK Inc,US6826801036
PCG UN Equity,PG&E Corp,US69331C1080
ROL UN Equity,Rollins Inc,US7757111049
PPL UN Equity,PPL Corp,US69351T1060
PNW UN Equity,Pinnacle West Capital Corp,US7234841010
PPG UN Equity,PPG Industries Inc,US6935061076
PEG UN Equity,Public Service Enterprise Group Inc,US7445731067
SCHW UN Equity,Charles Schwab Corp/The,US8085131055
SHW UN Equity,Sherwin-Williams Co/The,US8243481061
WST UN Equity,West Pharmaceutical Services Inc,US9553061055
SNA UN Equity,Snap-on Inc,US8330341012
AME UN Equity,AMETEK Inc,US0311001004
UBER UN Equity,Uber Technologies Inc,US90353T1007
SO UN Equity,Southern Co/The,US8425871071
SWK UN Equity,Stanley Black & Decker Inc,US8545021011
PSA UN Equity,Public Storage,US74460D1090
ANET UN Equity,Arista Networks Inc,US0404132054
TXT UN Equity,Textron Inc,US8832031012
TMO UN Equity,Thermo Fisher Scientific Inc,US8835561023
GL UN Equity,Globe Life Inc,US37959E1029
UNH UN Equity,UnitedHealth Group Inc,US91324P1021
MRO UN Equity,Marathon Oil Corp,US5658491064
BIO UN Equity,Bio-Rad Laboratories Inc,US0905722072
VTR UN Equity,Ventas Inc,US92276F1003
VMC UN Equity,Vulcan Materials Co,US9291601097
WMB UN Equity,Williams Cos Inc/The,US9694571004
CEG UW Equity,Constellation Energy Corp,US21037T1097
WEC UN Equity,WEC Energy Group Inc,US92939U1060
AES UN Equity,AES Corp/The,US00130H1059
EXPD UN Equity,Expeditors International of Washington Inc,US3021301094
TAP UN Equity,Molson Coors Beverage Co,US60871R2094
MAR UW Equity,Marriott International Inc/MD,US5719032022
FI UN Equity,Fiserv Inc,US3377381088
PCAR UW Equity,PACCAR Inc,US6937181088
PARA UW Equity,Paramount Global,US92556H2067
XEL UW Equity,Xcel Energy Inc,US98389B1008
WELL UN Equity,Welltower Inc,US95040Q1040
BIIB UW Equity,Biogen Inc,US09062X1037
NCLH UN Equity,Norwegian Cruise Line Holdings Ltd,BMG667211046
AOS UN Equity,A O Smith Corp,US8318652091
WM UN Equity,Waste Management Inc,US94106L1098
CFG UN Equity,Citizens Financial Group Inc,US1746101054
HST UW Equity,Host Hotels & Resorts Inc,US44107P1049
INCY UW Equity,Incyte Corp,US45337C1027
PRU UN Equity,Prudential Financial Inc,US7443201022
UPS UN Equity,United Parcel Service Inc,US9113121068
WAT UN Equity,Waters Corp,US9418481035
EVRG UW Equity,Evergy Inc,US30034W1062
MTCH UW Equity,Match Group Inc,US57667L1070
DPZ UN Equity,Domino's Pizza Inc,US25754A2015
DVA UN Equity,DaVita Inc,US23918K1088
IRM UN Equity,Iron Mountain Inc,US46284V1017
CDNS UW Equity,Cadence Design Systems Inc,US1273871087
UHS UN Equity,Universal Health Services Inc,US9139031002
KHC UW Equity,Kraft Heinz Co/The,US5007541064
AMT UN Equity,American Tower Corp,US03027X1000
BXP UN Equity,BXP Inc,US1011211018
HWM UN Equity,Howmet Aerospace Inc,US4432011082
VLO UN Equity,Valero Energy Corp,US91913Y1001
ETSY UW Equity,Etsy Inc,US29786A1060
CHRW UW Equity,CH Robinson Worldwide Inc,US12541W2098
PLD UN Equity,Prologis Inc,US74340W1036
FE UN Equity,FirstEnergy Corp,US3379321074
PWR UN Equity,Quanta Services Inc,US74762E1029
AEE UN Equity,Ameren Corp,US0236081024
RSG UN Equity,Republic Services Inc,US7607591002
EBAY UW Equity,eBay Inc,US2786421030
GS UN Equity,Goldman Sachs Group Inc/The,US38141G1040
SBAC UW Equity,SBA Communications Corp,US78410G1040
SRE UN Equity,Sempra,US8168511090
MCO UN Equity,Moody's Corp,US6153691059
BKNG UW Equity,Booking Holdings Inc,US09857L1089
AKAM UW Equity,Akamai Technologies Inc,US00971T1016
CRL UN Equity,Charles River Laboratories International Inc,US1598641074
MKTX UW Equity,MarketAxess Holdings Inc,US57060D1081
DVN UN Equity,Devon Energy Corp,US25179M1036
TFX UN Equity,Teleflex Inc,US8793691069
ALLE UN Equity,Allegion plc,IE00BFRT3W74
WBD UW Equity,Warner Bros Discovery Inc,US9344231041
TRMB UW Equity,Trimble Inc,US8962391004
ELV UN Equity,Elevance Health Inc,US0367521038
CME UW Equity,CME Group Inc,US12572Q1058
9903115D UN Equity,Blackrock Finance Inc,US09247X1019
CE UN Equity,Celanese Corp,US1508701034
IR UN Equity,Ingersoll Rand Inc,US45687V1061
ROP UW Equity,Roper Technologies Inc,US7766961061
CSX UW Equity,CSX Corp,US1264081035
EW UN Equity,Edwards Lifesciences Corp,US28176E1082
ZBRA UW Equity,Zebra Technologies Corp,US9892071054
ZBH UN Equity,Zimmer Biomet Holdings Inc,US98956P1021
CPT UN Equity,Camden Property Trust,US1331311027
FIS UN Equity,Fidelity National Information Services Inc,US31620M1062
LYV UN Equity,Live Nation Entertainment Inc,US5380341090
NRG UN Equity,NRG Energy Inc,US6293775085
MOS UN Equity,Mosaic Co/The,US61945C1036
CF UN Equity,CF Industries Holdings Inc,US1252691001
LDOS UN Equity,Leidos Holdings Inc,US5253271028
FSLR UW Equity,First Solar Inc,US3364331070
DFS UN Equity,Discover Financial Services,US2547091080
XYL UN Equity,Xylem Inc/NY,US98419M1009
TSCO UW Equity,Tractor Supply Co,US8923561067
VICI UN Equity,VICI Properties Inc,US9256521090
FTNT UW Equity,Fortinet Inc,US34959E1091
ALB UN Equity,Albemarle Corp,US0126531013
MRNA UW Equity,Moderna Inc,US60770K1079
CSGP UW Equity,CoStar Group Inc,US22160N1090
WAB UN Equity,Westinghouse Air Brake Technologies Corp,US9297401088
POOL UW Equity,Pool Corp,US73278L1052
WDC UW Equity,Western Digital Corp,US9581021055
FANG UW Equity,Diamondback Energy Inc,US25278X1090
CHD UN Equity,Church & Dwight Co Inc,US1713401024
FRT UN Equity,Federal Realty Investment Trust,US3137451015
MGM UN Equity,MGM Resorts International,US5529531015
AEP UW Equity,American Electric Power Co Inc,US0255371017
INVH UN Equity,Invitation Homes Inc,US46187W1071
MHK UN Equity,Mohawk Industries Inc,US6081901042
PNR UN Equity,Pentair PLC,IE00BLS09M33
HON UW Equity,Honeywell International Inc,US4385161066
TER UW Equity,Teradyne Inc,US8807701029
EG UN Equity,Everest Group Ltd,BMG3223R1088
TDY UN Equity,Teledyne Technologies Inc,US8793601050
EXC UW Equity,Exelon Corp,US30161N1019
GPN UN Equity,Global Payments Inc,US37940X1028
ALGN UW Equity,Align Technology Inc,US0162551016
ILMN UW Equity,Illumina Inc,US4523271090
TRGP UN Equity,Targa Resources Corp,US87612G1013
BG UN Equity,Bunge Global SA,CH1300646267
LKQ UW Equity,LKQ Corp,US5018892084
ZTS UN Equity,Zoetis Inc,US98978V1035
EQIX UW Equity,Equinix Inc,US29444U7000
NVDA UW Equity,NVIDIA Corp,US67066G1040
MNST UW Equity,Monster Beverage Corp,US61174X1090
9980328D UN Equity,Laboratory Corp of America Holdings,US50540R4092
KVUE UN Equity,Kenvue Inc,US49177J1025
DLR UN Equity,Digital Realty Trust Inc,US2538681030
LYB UN Equity,LyondellBasell Industries NV,NL0009434992
AXP UN Equity,American Express Co,US0258161092
VZ UN Equity,Verizon Communications Inc,US92343V1044
AVGO UW Equity,Broadcom Inc,US11135F1012
BA UN Equity,Boeing Co/The,US0970231058
CAT UN Equity,Caterpillar Inc,US1491231015
CVX UN Equity,Chevron Corp,US1667641005
DIS UN Equity,Walt Disney Co/The,US2546871060
XOM UN Equity,Exxon Mobil Corp,US30231G1022
PSX UN Equity,Phillips 66,US7185461040
GE UN Equity,General Electric Co,US3696043013
HPQ UN Equity,HP Inc,US40434L1052
HD UN Equity,Home Depot Inc/The,US4370761029
MPWR UW Equity,Monolithic Power Systems Inc,US6098391054
IBM UN Equity,International Business Machines Corp,US4592001014
LULU UW Equity,Lululemon Athletica Inc,US5500211090
MMM UN Equity,3M Co,US88579Y1010
PG UN Equity,Procter & Gamble Co/The,US7427181091
T UN Equity,AT&T Inc,US00206R1023
TRV UN Equity,Travelers Cos Inc/The,US89417E1091
RTX UN Equity,RTX Corp,US75513E1010
ADI UW Equity,Analog Devices Inc,US0326541051
WMT UN Equity,Walmart Inc,US9311421039
CSCO UW Equity,Cisco Systems Inc,US17275R1023
INTC UW Equity,Intel Corp,US4581401001
GM UN Equity,General Motors Co,US37045V1008
MSFT UW Equity,Microsoft Corp,US5949181045
DG UN Equity,Dollar General Corp,US2566771059
CI UN Equity,Cigna Group/The,US1255231003
C UN Equity,Citigroup Inc,US1729674242
MO UN Equity,Altria Group Inc,US02209S1033
HPE UN Equity,Hewlett Packard Enterprise Co,US42824C1099
ABT UN Equity,Abbott Laboratories,US0028241000
AFL UN Equity,Aflac Inc,US0010551028
APD UN Equity,Air Products and Chemicals Inc,US0091581068
RCL UN Equity,Royal Caribbean Cruises Ltd,LR0008862868
HES UN Equity,Hess Corp,US42809H1077
ADP UW Equity,Automatic Data Processing Inc,US0530151036
VRSK UW Equity,Verisk Analytics Inc,US92345Y1064
AZO UN Equity,AutoZone Inc,US0533321024
ENPH UQ Equity,Enphase Energy Inc,US29355A1079
DAY UN Equity,Dayforce Inc,US15677J1088
CARR UN Equity,Carrier Global Corp,US14448C1045
BK UN Equity,Bank of New York Mellon Corp/The,US0640581007
OTIS UN Equity,Otis Worldwide Corp,US68902V1070
BAX UN Equity,Baxter International Inc,US0718131099
BDX UN Equity,Becton Dickinson & Co,US0758871091
BBY UN Equity,Best Buy Co Inc,US0865161014
BSX UN Equity,Boston Scientific Corp,US1011371077
BF/B UN Equity,Brown-Forman Corp,US1156372096
CPB UN Equity,The Campbell's Company,US1344291091
HLT UN Equity,Hilton Worldwide Holdings Inc,US43300A2033
QRVO UW Equity,Qorvo Inc,US74736K1016
BLDR UN Equity,Builders FirstSource Inc,US12008R1077
CLX UN Equity,Clorox Co/The,US1890541097
PAYC UN Equity,Paycom Software Inc,US70432V1026
CMS UN Equity,CMS Energy Corp,US1258961002
CMA UN Equity,Comerica Inc,US2003401070
CAG UN Equity,Conagra Brands Inc,US2058871029
ABNB UW Equity,Airbnb Inc,US0090661010
CMI UN Equity,Cummins Inc,US2310211063
TGT UN Equity,Target Corp,US87612E1064
DE UN Equity,Deere & Co,US2441991054
DOV UN Equity,Dover Corp,US2600031080
DUK UN Equity,Duke Energy Corp,US26441C2044
EMR UN Equity,Emerson Electric Co,US2910111044
EFX UN Equity,Equifax Inc,US2944291051
IQV UN Equity,IQVIA Holdings Inc,US46266C1053
FDX UN Equity,FedEx Corp,US31428X1063
BRO UN Equity,Brown & Brown Inc,US1152361010
F UN Equity,Ford Motor Co,US3453708600
BEN UN Equity,Franklin Resources Inc,US3546131018
DXCM UW Equity,Dexcom Inc,US2521311074
GD UN Equity,General Dynamics Corp,US3695501086
GIS UN Equity,General Mills Inc,US3703341046
ATO UN Equity,Atmos Energy Corp,US0495601058
HAL UN Equity,Halliburton Co,US4062161017
DOC UN Equity,Healthpeak Properties Inc,US42250P1030
CTLT UN Equity,Catalent Inc,US1488061029
FTV UN Equity,Fortive Corp,US34959J1088
SYF UN Equity,Synchrony Financial,US87165B1035
HRL UN Equity,Hormel Foods Corp,US4404521001
AJG UN Equity,Arthur J Gallagher & Co,US3635761097
MDLZ UW Equity,Mondelez International Inc,US6092071058
HUM UN Equity,Humana Inc,US4448591028
WTW UW Equity,Willis Towers Watson PLC,IE00BDB6Q211
ITW UN Equity,Illinois Tool Works Inc,US4523081093
TT UN Equity,Trane Technologies PLC,IE00BK9ZQ967
BR UN Equity,Broadridge Financial Solutions Inc,US11133T1034
KMB UN Equity,Kimberly-Clark Corp,US4943681035
KIM UN Equity,Kimco Realty Corp,US49446R1095
ORCL UN Equity,Oracle Corp,US68389X1054
KR UN Equity,Kroger Co/The,US5010441013
LEN UN Equity,Lennar Corp,US5260571048
BBWI UN Equity,Bath & Body Works Inc,US0708301041
CHTR UW Equity,Charter Communications Inc,US16119P1084
L UN Equity,Loews Corp,US5404241086
LOW UN Equity,Lowe's Cos Inc,US5486611073
HUBB UN Equity,Hubbell Inc,US4435106079
MMC UN Equity,Marsh & McLennan Cos Inc,US5717481023
MAS UN Equity,Masco Corp,US5745991068
SPGI UN Equity,S&P Global Inc,US78409V1044
MDT UN Equity,Medtronic PLC,IE00BTN1Y115
CVS UN Equity,CVS Health Corp,US1266501006
DD UN Equity,DuPont de Nemours Inc,US26614N1028
MU UW Equity,Micron Technology Inc,US5951121038
NKE UN Equity,NIKE Inc,US6541061031
NI UN Equity,NiSource Inc,US65473P1057
NSC UN Equity,Norfolk Southern Corp,US6558441084
NOC UN Equity,Northrop Grumman Corp,US6668071029
WFC UN Equity,Wells Fargo & Co,US9497461015
OXY UN Equity,Occidental Petroleum Corp,US6745991058
OMC UN Equity,Omnicom Group Inc,US6819191064
RJF UN Equity,Raymond James Financial Inc,US7547301090
PH UN Equity,Parker-Hannifin Corp,US7010941042
COP UN Equity,ConocoPhillips,US20825C1045
PHM UN Equity,PulteGroup Inc,US7458671010
PNC UN Equity,PNC Financial Services Group Inc/The,US6934751057
PGR UN Equity,Progressive Corp/The,US7433151039
VLTO UN Equity,Veralto Corp,US92338C1036
RHI UN Equity,Robert Half Inc,US7703231032
COO UW Equity,Cooper Cos Inc/The,US2166485019
EIX UN Equity,Edison International,US2810201077
SLB UN Equity,Schlumberger NV,AN8068571086
SJM UN Equity,J M Smucker Co/The,US8326964058
TFC UN Equity,Truist Financial Corp,US89832Q1094
LUV UN Equity,Southwest Airlines Co,US8447411088
WRB UN Equity,W R Berkley Corp,US0844231029
SYY UN Equity,Sysco Corp,US8718291078
CTVA UN Equity,Corteva Inc,US22052L1044
TXN UW Equity,Texas Instruments Inc,US8825081040
TJX UN Equity,TJX Cos Inc/The,US8725401090
JCI UN Equity,Johnson Controls International plc,IE00BY7QL619
ULTA UW Equity,Ulta Beauty Inc,US90384S3031
UNP UN Equity,Union Pacific Corp,US9078181081
KEYS UN Equity,Keysight Technologies Inc,US49338L1035
BX UN Equity,Blackstone Inc,US09260D1072
VFC UN Equity,VF Corp,US9182041080
WY UN Equity,Weyerhaeuser Co,US9621661043
WHR UN Equity,Whirlpool Corp,US9633201069
ADBE UW Equity,Adobe Inc,US00724F1012
AMGN UW Equity,Amgen Inc,US0311621009
AAPL UW Equity,Apple Inc,US0378331005
ADSK UW Equity,Autodesk Inc,US0527691069
CTAS UW Equity,Cintas Corp,US1729081059
CMCSA UW Equity,Comcast Corp,US20030N1019
KLAC UW Equity,KLA Corp,US4824801009
MKC UN Equity,McCormick & Co Inc/MD,US5797802064
COST UW Equity,Costco Wholesale Corp,US22160K1051
SYK UN Equity,Stryker Corp,US8636671013
TSN UN Equity,Tyson Foods Inc,US9024941034
LW UN Equity,Lamb Weston Holdings Inc,US5132721045
AMAT UW Equity,Applied Materials Inc,US0382221051
AAL UW Equity,American Airlines Group Inc,US02376R1023
CAH UN Equity,Cardinal Health Inc,US14149Y1082
CINF UW Equity,Cincinnati Financial Corp,US1720621010
DHI UN Equity,DR Horton Inc,US23331A1097
EA UW Equity,Electronic Arts Inc,US2855121099
FICO UN Equity,Fair Isaac Corp,US3032501047
FAST UW Equity,Fastenal Co,US3119001044
MTB UN Equity,M&T Bank Corp,US55261F1049
FITB UW Equity,Fifth Third Bancorp,US3167731005
GILD UW Equity,Gilead Sciences Inc,US3755581036
HAS UW Equity,Hasbro Inc,US4180561072
HBAN UW Equity,Huntington Bancshares Inc/OH,US4461501045
NTRS UW Equity,Northern Trust Corp,US6658591044
PKG UN Equity,Packaging Corp of America,US6951561090
PAYX UW Equity,Paychex Inc,US7043261079
QCOM UW Equity,QUALCOMM Inc,US7475251036
ROST UW Equity,Ross Stores Inc,US7782961038
IDXX UW Equity,IDEXX Laboratories Inc,US45168D1046
SBUX UW Equity,Starbucks Corp,US8552441094
KEY UN Equity,KeyCorp,US4932671088
FOXA UW Equity,Fox Corp,US35137L1052
STT UN Equity,State Street Corp,US8574771031
USB UN Equity,US Bancorp,US9029733048
GEN UW Equity,Gen Digital Inc,US6687711084
TROW UW Equity,T Rowe Price Group Inc,US74144T1088
STZ UN Equity,Constellation Brands Inc,US21036P1084
XRAY UW Equity,DENTSPLY SIRONA Inc,US24906P1093
ZION UW Equity,Zions Bancorp NA,US9897011071
IVZ UN Equity,Invesco Ltd,BMG491BT1088
INTU UW Equity,Intuit Inc,US4612021034
MS UN Equity,Morgan Stanley,US6174464486
MCHP UW Equity,Microchip Technology Inc,US5950171042
CB UN Equity,Chubb Ltd,CH0044328745
HOLX UW Equity,Hologic Inc,US4364401012
JBL UN Equity,Jabil Inc,US4663131039
ORLY UW Equity,O'Reilly Automotive Inc,US67103H1077
ALL UN Equity,Allstate Corp/The,US0200021014
EQR UN Equity,Equity Residential,US29476L1070
BWA UN Equity,BorgWarner Inc,US0997241064
KDP UW Equity,Keurig Dr Pepper Inc,US49271V1008
SPG UN Equity,Simon Property Group Inc,US8288061091
EMN UN Equity,Eastman Chemical Co,US2774321002
AVB UN Equity,AvalonBay Communities Inc,US0534841012
WBA UW Equity,Walgreens Boots Alliance Inc,US9314271084
STE UN Equity,STERIS PLC,IE00BFY8C754
MCK UN Equity,McKesson Corp,US58155Q1031
LMT UN Equity,Lockheed Martin Corp,US5398301094
COR UN Equity,Cencora Inc,US03073E1055
COF UN Equity,Capital One Financial Corp,US14040H1059
NDSN UW Equity,Nordson Corp,US6556631025
DLTR UW Equity,Dollar Tree Inc,US2567461080
DRI UN Equity,Darden Restaurants Inc,US2371941053
NVR UN Equity,NVR Inc,US62944T1051
NTAP UW Equity,NetApp Inc,US64110D1046
ODFL UW Equity,Old Dominion Freight Line Inc,US6795801009
HIG UN Equity,Hartford Insurance Group Inc/The,US4165151048
EL UN Equity,Estee Lauder Cos Inc/The,US5184391044
TYL UN Equity,Tyler Technologies Inc,US9022521051
SWKS UW Equity,Skyworks Solutions Inc,US83088M1027
DGX UN Equity,Quest Diagnostics Inc,US74834L1008
ROK UN Equity,Rockwell Automation Inc,US7739031091
REGN UW Equity,Regeneron Pharmaceuticals Inc,US75886F1075
AMZN UW Equity,Amazon.com Inc,US0231351067
JKHY UW Equity,Jack Henry & Associates Inc,US4262811015
RL UN Equity,Ralph Lauren Corp,US7512121010
APH UN Equity,Amphenol Corp,US0320951017
PXD UN Equity,Pioneer Natural Resources Co,US7237871071
SNPS UW Equity,Synopsys Inc,US8716071076
ACN UN Equity,Accenture PLC,IE00B4BNMY34
TDG UN Equity,TransDigm Group Inc,US8936411003
YUM UN Equity,Yum! Brands Inc,US9884981013
VRSN UW Equity,VeriSign Inc,US92343E1029
HSIC UW Equity,Henry Schein Inc,US8064071025
ANSS UW Equity,ANSYS Inc,US03662Q1058
FDS UN Equity,FactSet Research Systems Inc,US3030751057
CTSH UW Equity,Cognizant Technology Solutions Corp,US1924461023
ISRG UW Equity,Intuitive Surgical Inc,US46120E6023
TTWO UW Equity,Take-Two Interactive Software Inc,US8740541094
ON UW Equity,ON Semiconductor Corp,US6821891057
FFIV UW Equity,F5 Inc,US3156161024
TECH UW Equity,Bio-Techne Corp,US09073M1045
GOOGL UW Equity,Alphabet Inc,US02079K3059
NFLX UW Equity,Netflix Inc,US64110L1061
A UN Equity,Agilent Technologies Inc,US00846U1016
JNPR UN Equity,Juniper Networks Inc,US48203R1041
DTE UN Equity,DTE Energy Co,US2333311072
NDAQ UW Equity,Nasdaq Inc,US6311031081
PM UN Equity,Philip Morris International Inc,US7181721090
CRM UN Equity,Salesforce Inc,US79466L3024
HII UN Equity,Huntington Ingalls Industries Inc,US4464131063
MET UN Equity,MetLife Inc,US59156R1086
TPR UN Equity,Tapestry Inc,US8760301072
AMP UN Equity,Ameriprise Financial Inc,US03076C1062
CBRE UN Equity,CBRE Group Inc,US12504L1098
MA UN Equity,Mastercard Inc,US57636Q1040
KMX UN Equity,CarMax Inc,US1431301027
ICE UN Equity,Intercontinental Exchange Inc,US45866F1049
CMG UN Equity,Chipotle Mexican Grill Inc,US1696561059
WYNN UW Equity,Wynn Resorts Ltd,US9831341071
AIZ UN Equity,Assurant Inc,US04621X1081
RF UN Equity,Regions Financial Corp,US7591EP1005
BKR UW Equity,Baker Hughes Co,US05722G1004
EXPE UW Equity,Expedia Group Inc,US30212P3038
APA UW Equity,APA Corp,US03743Q1085
GOOG UW Equity,Alphabet Inc,US02079K1079
9983490D UN Equity,TE Connectivity Ltd,CH0102993182
V UN Equity,Visa Inc,US92826C8394
MAA UN Equity,Mid-America Apartment Communities Inc,US59522J1034
MPC UN Equity,Marathon Petroleum Corp,US56585A1025
AMD UW Equity,Advanced Micro Devices Inc,US0079031078
RMD UN Equity,ResMed Inc,US7611521078
MTD UN Equity,Mettler-Toledo International Inc,US5926881054
J UN Equity,Jacobs Solutions Inc,US46982L1089
CPRT UW Equity,Copart Inc,US2172041061
ESS UN Equity,Essex Property Trust Inc,US2971781057
O UN Equity,Realty Income Corp,US7561091049
WRK UN Equity,Westrock Co,US96145D1054
PEP UW Equity,PepsiCo Inc,US7134481081
PANW UW Equity,Palo Alto Networks Inc,US6974351057
PTC UW Equity,PTC Inc,US69370C1009
JBHT UW Equity,JB Hunt Transport Services Inc,US4456581077
LRCX UW Equity,Lam Research Corp,US5128073062
GEHC UW Equity,GE HealthCare Technologies Inc,US36266G1076
VRTX UW Equity,Vertex Pharmaceuticals Inc,US92532F1003
META UW Equity,Meta Platforms Inc,US30303M1027
TMUS UW Equity,T-Mobile US Inc,US8725901040
URI UN Equity,United Rentals Inc,US9113631090
ARE UN Equity,Alexandria Real Estate Equities Inc,US0152711091
DAL UN Equity,Delta Air Lines Inc,US2473617023
STX UW Equity,Seagate Technology Holdings PLC,IE00BKVD2N49
UAL UW Equity,United Airlines Holdings Inc,US9100471096
NWS UW Equity,News Corp,US65249B2088
CNC UN Equity,Centene Corp,US15135B1017
MLM UN Equity,Martin Marietta Materials Inc,US5732841060
PYPL UW Equity,PayPal Holdings Inc,US70450Y1038
TSLA UW Equity,Tesla Inc,US88160R1014
ACGL UW Equity,Arch Capital Group Ltd,BMG0450A1053
DOW UN Equity,Dow Inc,US2605571031
NWSA UW Equity,News Corp,US65249B1098
CCI UN Equity,Crown Castle Inc,US22822V1017
9991429D UN Equity,Aptiv Irish Holdings Ltd,JE00B783TY65
LVS UN Equity,Las Vegas Sands Corp,US5178341070
MOH UN Equity,Molina Healthcare Inc,US60855R1005
